id,resource_id,ts,pp1,pp2,pp3,,curtain_living,curtain_zithoek,date_threedaysago,date_twodaysago,date_yesterday,NaN_times,pp1,pp2,shade_keuken,shade_living,shade_zithoek,Temperature_indoor,Temperature_outdoor,time_since_today,ts,windowdoor_keuken,windowdoor_zithoek
14650,66,2024-10-18T01:04:51,,,,,"0","0","14/10","15/10","16/10","0",14.4,14.4,1,"0","0","0","0",-40.0,"2024-10-15 08:00:00",0.0,0.0
14651,67,2024-10-18T01:04:51,,,,,"0","0","14/10","15/10","16/10","0",14.4,14.4,1,"0","0","0","0",-41.0,"2024-10-15 07:00:00",0.0,0.0
14652,68,2024-10-18T01:04:51,,,,,"0","0","14/10","15/10","16/10","0",14.4,14.4,1,"0","0","0","0",-42.0,"2024-10-15 06:00:00",0.0,0.0
14653,69,2024-10-18T01:04:51,,,,,"0","0","14/10","15/10","16/10","0",14.4,14.4,1,"0","0","0","0",-43.0,"2024-10-15 05:00:00",0.0,0.0
14654,70,2024-10-18T01:04:51,,,,,"0","0","14/10","15/10","16/10","0",14.4,14.4,1,"0","0","0","0",-44.0,"2024-10-15 04:00:00",0.0,0.0
14655,71,2024-10-18T01:04:51,,,,,"0","0","14/10","15/10","16/10","0",14.4,14.4,1,"0","0","0","0",-45.0,"2024-10-15 03:00:00",0.0,0.0
14656,72,2024-10-18T01:04:51,,,,,"0","0","14/10","15/10","16/10","0",14.4,14.4,1,"0","0","0","0",-46.0,"2024-10-15 02:00:00",0.0,0.0
14657,73,2024-10-18T01:04:52,,,,,"0","0","14/10","15/10","16/10","0",14.4,14.4,1,"0","0","0","0",-47.0,"2024-10-15 01:00:00",0.0,0.0
14658,74,2024-10-18T01:04:52,,,,,"0","0","14/10","15/10","16/10","0",14.4,14.4,1,"0","0","0","0",-48.0,"2024-10-15 00:00:00",0.0,0.0
14659,28,2024-10-18T02:04:56,,,,,"0","0","15/10","16/10","17/10","",14.4,14.4,1,"0","0","0","0",-25.0,"2024-10-16 23:00:00",1.0,"0"
14683,29,2024-10-18T03:04:35,,,,,"0","0","15/10","16/10","17/10","",14.4,14.4,1,"0","0","0","0",-25.0,"2024-10-16 23:00:00",1.0,"0"
14707,30,2024-10-18T04:04:32,,,,,"0","0","15/10","16/10","17/10","",14.4,14.4,1,"0","0","0","0",-25.0,"2024-10-16 23:00:00",1.0,"0"
14731,31,2024-10-18T05:04:35,,,,,"0","0","15/10","16/10","17/10","",14.4,14.4,1,"0","0","0","0",-25.0,"2024-10-16 23:00:00",1.0,"0"
14755,32,2024-10-18T06:04:11,,,,,"0","0","15/10","16/10","17/10","",14.4,14.4,1,"0","0","0","0",-25.0,"2024-10-16 23:00:00",1.0,"0"
14779,33,2024-10-18T07:05:01,,,,,"0","0","15/10","16/10","17/10","",14.4,14.4,1,"0","0","0","0",-25.0,"2024-10-16 23:00:00",1.0,"0"
14803,34,2024-10-18T08:04:55,,,,,"0","0","15/10","16/10","17/10","",14.4,14.4,1,"0","0","0","0",-25.0,"2024-10-16 23:00:00",1.0,"0"
14827,35,2024-10-18T09:04:20,,,,,"0","0","15/10","16/10","17/10","",14.4,14.4,1,"0","0","0","0",-25.0,"2024-10-16 23:00:00",1.0,"0"
14851,36,2024-10-18T10:04:33,,,,,"0","0","15/10","16/10","17/10","",14.4,14.4,1,"0","0","0","0",-25.0,"2024-10-16 23:00:00",1.0,"0"
14875,37,2024-10-18T11:04:46,,,,,"0","0","15/10","16/10","17/10","",14.4,14.4,1,"0","0","0","0",-25.0,"2024-10-16 23:00:00",1.0,"0"
14899,38,2024-10-18T12:04:16,,,,,"0","0","15/10","16/10","17/10","",14.4,14.4,1,"0","0","0","0",-25.0,"2024-10-16 23:00:00",1.0,"0"
14923,39,2024-10-18T13:04:13,,,,,"0","0","15/10","16/10","17/10","",14.4,14.4,1,"0","0","0","0",-25.0,"2024-10-16 23:00:00",1.0,"0"
14947,40,2024-10-18T14:04:17,,,,,"0","0","15/10","16/10","17/10","",14.4,14.4,1,"0","0","0","0",-25.0,"2024-10-16 23:00:00",1.0,"0"
14971,41,2024-10-18T15:03:37,,,,,"0","0","15/10","16/10","17/10","",14.4,14.4,1,"0","0","0","0",-25.0,"2024-10-16 23:00:00",1.0,"0"
14995,42,2024-10-18T16:03:40,,,,,"0","0","15/10","16/10","17/10","",14.4,14.4,1,"0","0","0","0",-25.0,"2024-10-16 23:00:00",1.0,"0"
14996,43,2024-10-18T16:03:40,,,,,"0","0","15/10","16/10","17/10","",14.4,14.4,1,"0","0","0","0",-26.0,"2024-10-16 22:00:00",1.0,"0"
14997,44,2024-10-18T16:03:40,,,,,"0","0","15/10","16/10","17/10","",14.4,14.4,1,"0","0","0","0",-27.0,"2024-10-16 21:00:00",1.0,"0"
14998,45,2024-10-18T16:03:41,,,,,"0","0","15/10","16/10","17/10","",14.4,14.4,1,"0","0","0","0",-28.0,"2024-10-16 20:00:00",1.0,"0"
14999,46,2024-10-18T16:03:41,,,,,"0","0","15/10","16/10","17/10","",14.4,14.4,1,"0","0","0","0",-29.0,"2024-10-16 19:00:00",1.0,"0"
15000,47,2024-10-18T16:03:41,,,,,"0","0","15/10","16/10","17/10","",14.4,14.4,0,"0","0","0","0",-30.0,"2024-10-16 18:00:00",1.0,"0"
15001,48,2024-10-18T16:03:41,,,,,"0","0","15/10","16/10","17/10","",14.4,14.4,0,"0","0","0","0",-31.0,"2024-10-16 17:00:00",1.0,"0"
15002,49,2024-10-18T16:03:41,,,,,"0","0","15/10","16/10","17/10","0",14.4,14.4,0,"0","0","0","0",-32.0,"2024-10-16 16:00:00",1.0,"0"
15003,50,2024-10-18T16:03:41,,,,,"0","0","15/10","16/10","17/10","0",14.4,14.4,0,"0","0","0","0",-33.0,"2024-10-16 15:00:00",1.0,"0"
15004,51,2024-10-18T16:03:42,,,,,"0","0","15/10","16/10","17/10","0",14.4,14.4,0,"0","0","0","0",-34.0,"2024-10-16 14:00:00",1.0,"0"
15005,52,2024-10-18T16:03:42,,,,,"0","0","15/10","16/10","17/10","0",14.4,14.4,0,"0","0","0","0",-35.0,"2024-10-16 13:00:00",1.0,"0"
15006,53,2024-10-18T16:03:42,,,,,"0","0","15/10","16/10","17/10","0",14.4,14.4,0,"0","0","0","0",-36.0,"2024-10-16 12:00:00",1.0,"0"
15007,54,2024-10-18T16:03:42,,,,,"0","0","15/10","16/10","17/10","0",14.4,14.4,0,"0","0","0","0",-37.0,"2024-10-16 11:00:00",1.0,"0"
15008,55,2024-10-18T16:03:42,,,,,"0","0","15/10","16/10","17/10","0",14.4,14.4,0,"0","0","0","0",-38.0,"2024-10-16 10:00:00",1.0,"0"
15009,56,2024-10-18T16:03:42,,,,,"0","0","15/10","16/10","17/10","0",14.4,14.4,1,"0","0","0","0",-39.0,"2024-10-16 09:00:00",1.0,0.0
15010,57,2024-10-18T16:03:42,,,,,"0","0","15/10","16/10","17/10","0",14.4,14.4,1,"0","0","0","0",-40.0,"2024-10-16 08:00:00",1.0,0.0
15011,58,2024-10-18T16:03:43,,,,,"0","0","15/10","16/10","17/10","0",14.4,14.4,1,"0","0","0","0",-41.0,"2024-10-16 07:00:00",1.0,0.0
15012,59,2024-10-18T16:03:43,,,,,"0","0","15/10","16/10","17/10","0",14.4,14.4,1,"0","0","0","0",-42.0,"2024-10-16 06:00:00",1.0,0.0
15013,60,2024-10-18T16:03:43,,,,,"0","0","15/10","16/10","17/10","0",14.4,14.4,1,"0","0","0","0",-43.0,"2024-10-16 05:00:00",1.0,0.0
15014,61,2024-10-18T16:03:43,,,,,"0","0","15/10","16/10","17/10","0",14.4,14.4,1,"0","0","0","0",-44.0,"2024-10-16 04:00:00",1.0,0.0
15015,62,2024-10-18T16:03:43,,,,,"0","0","15/10","16/10","17/10","0",14.4,14.4,1,"0","0",14.4,"0",-45.0,"2024-10-16 03:00:00",1.0,0.0
15016,63,2024-10-18T16:03:43,,,,,"0","0","15/10","16/10","17/10","0",14.4,14.4,1,"0","0",14.4,"0",-46.0,"2024-10-16 02:00:00",1.0,0.0
15017,64,2024-10-18T16:03:43,,,,,"0","0","15/10","16/10","17/10","0",14.4,14.4,1,"0","0",14.4,"0",-47.0,"2024-10-16 01:00:00",1.0,0.0
15018,65,2024-10-18T16:03:44,,,,,"0","0","15/10","16/10","17/10","0",14.4,14.4,1,"0","0","0","0",-48.0,"2024-10-16 00:00:00",1.0,0.0
